{
  "variant": "V2_dim7",
  "context_dim": 7,
  "seed": 1,
  "metrics": {
    "accuracy": 0.6789895255699322,
    "per_class_accuracy": {
      "no_action": 0.5717948717948718,
      "get_connectors": 0.879746835443038,
      "get_screws": 1.0,
      "get_wheels": 0.9866666666666667
    },
    "confusion_matrix": [
      [
        669,
        329,
        145,
        27
      ],
      [
        19,
        139,
        0,
        0
      ],
      [
        0,
        0,
        220,
        0
      ],
      [
        1,
        0,
        0,
        74
      ]
    ],
    "ece": 0.15527376905313187,
    "num_samples": 1623
  }
}