{
  "V1": {
    "accuracy_mean": 0.3690696241528035,
    "accuracy_std": 0.0005030786080885697,
    "seed_accuracies": [
      0.36968576709796674,
      0.36845348120764015,
      0.3690696241528035
    ]
  },
  "V2_dim7": {
    "accuracy_mean": 0.6781680016430478,
    "accuracy_std": 0.0005809051396069297,
    "seed_accuracies": [
      0.6777572396796057,
      0.6789895255699322,
      0.6777572396796057
    ]
  },
  "V2_dim10": {
    "accuracy_mean": 0.7342370096529062,
    "accuracy_std": 0.0005809051396069822,
    "seed_accuracies": [
      0.7350585335797906,
      0.7338262476894639,
      0.7338262476894639
    ]
  }
}