{
  "variant": "V2",
  "context_dim": 7,
  "seed": 1,
  "init_checkpoint": "runs/V1/seed1/checkpoint.pth",
  "checkpoint": "runs/V2_dim7/seed1/checkpoint.pth",
  "hyperparameters": {
    "optimizer": "AdamW",
    "lr": 0.0001,
    "context_lr": 0.001,
    "scheduler": "CosineAnnealingLR",
    "epochs": 60,
    "freeze_epochs": 4,
    "batch_size": 32
  },
  "metrics": {
    "accuracy": 0.6537276648182379,
    "per_class_accuracy": {
      "no_action": 0.729059829059829,
      "get_connectors": 0.2974683544303797,
      "get_screws": 0.4772727272727273,
      "get_wheels": 0.7466666666666667
    },
    "confusion_matrix": [
      [
        853,
        126,
        11,
        180
      ],
      [
        98,
        47,
        0,
        13
      ],
      [
        113,
        0,
        105,
        2
      ],
      [
        19,
        0,
        0,
        56
      ]
    ],
    "ece": 0.30304759142212273,
    "num_samples": 1623
  }
}