{
  "variant": "V2",
  "context_dim": 10,
  "num_seeds": 3,
  "accuracy_mean": 0.662969808995687,
  "accuracy_std": 0.0025153930404427805,
  "ece_mean": 0.2881054498314931,
  "ece_std": 0.0023992239966961005
}