{
  "variant": "V2",
  "context_dim": 7,
  "num_seeds": 3,
  "accuracy_mean": 0.6594783323064285,
  "accuracy_std": 0.004781452752853884,
  "ece_mean": 0.2977765129929231,
  "ece_std": 0.003860919654673798
}