{
  "variant": "V1",
  "context_dim": 0,
  "seed": 1,
  "metrics": {
    "accuracy": 0.36845348120764015,
    "per_class_accuracy": {
      "no_action": 0.19230769230769232,
      "get_connectors": 0.6772151898734177,
      "get_screws": 0.9681818181818181,
      "get_wheels": 0.7066666666666667
    },
    "confusion_matrix": [
      [
        225,
        619,
        275,
        51
      ],
      [
        45,
        107,
        2,
        4
      ],
      [
        5,
        0,
        213,
        2
      ],
      [
        11,
        0,
        11,
        53
      ]
    ],
    "ece": 0.3374997214520338,
    "num_samples": 1623
  }
}