{
  "variant": "V0",
  "context_dim": 0,
  "metrics": {
    "accuracy": 0.041281577325939615,
    "per_class_accuracy": {
      "no_action": 0.0,
      "get_connectors": 0.056962025316455694,
      "get_screws": 0.0,
      "get_wheels": 0.7733333333333333
    },
    "confusion_matrix": [
      [
        0,
        157,
        0,
        1013
      ],
      [
        0,
        9,
        0,
        149
      ],
      [
        0,
        205,
        0,
        15
      ],
      [
        0,
        17,
        0,
        58
      ]
    ],
    "ece": 0.8610518444524602,
    "num_samples": 1623
  }
}