{
  "variant": "V1",
  "context_dim": 0,
  "seed": 2,
  "metrics": {
    "accuracy": 0.3690696241528035,
    "per_class_accuracy": {
      "no_action": 0.19145299145299147,
      "get_connectors": 0.6772151898734177,
      "get_screws": 0.9681818181818181,
      "get_wheels": 0.7333333333333333
    },
    "confusion_matrix": [
      [
        224,
        621,
        274,
        51
      ],
      [
        45,
        107,
        2,
        4
      ],
      [
        5,
        0,
        213,
        2
      ],
      [
        11,
        0,
        9,
        55
      ]
    ],
    "ece": 0.33694224152312335,
    "num_samples": 1623
  }
}