{
  "variant": "V2_dim7",
  "context_dim": 7,
  "seed": 2,
  "metrics": {
    "accuracy": 0.6777572396796057,
    "per_class_accuracy": {
      "no_action": 0.5700854700854701,
      "get_connectors": 0.879746835443038,
      "get_screws": 1.0,
      "get_wheels": 0.9866666666666667
    },
    "confusion_matrix": [
      [
        667,
        331,
        145,
        27
      ],
      [
        19,
        139,
        0,
        0
      ],
      [
        0,
        0,
        220,
        0
      ],
      [
        1,
        0,
        0,
        74
      ]
    ],
    "ece": 0.15413159670024762,
    "num_samples": 1623
  }
}